ID,INSTITUTION,CITY,STATE_AB,STATE,CCN_SCHOOL,PROGRAM,WEBSITE,LINK TO STORY,EXACT BYLINE,BLURB,STANDARD BYLINE,NAMES OF LOCAL NEWS OUTLETS,STUDENT REPORTING WEBSITE,STUDENT WEBSITE BLURB,,NO BYLINE OR BLURB YET,NOTES,this highlight = student reporting website ,this highlight = paywall
153269,Drake University,Des Moines,IA,Iowa,Drake University,Public Affairs Reporting class,,,,,,,,,,,,,
122597,San Francisco State University,San Francisco,CA,California,San Fransico State University,Program in Development - Statehouse Faculty Champion,,,,,,,,,,,,,
126818,Colorado State University-Fort Collins,Fort Collins,CO,Colorado,Colorado State University,The Northern Colorado Deliberative Journalism Project,https://cpd.colostate.edu/events/northern-colorado-deliberative-journalism-project-spring-2022-events/,,,,,,,,,,,,
127565,Metropolitan State University of Denver,Denver,CO,Colorado,Metropolitan State University of Denver,Department of Journalism and Media Production,https://www.msudenver.edu/journalism-media-production/,,,,,,,,,,,,
126614,University of Colorado Boulder,Boulder,CO,Colorado,University of Colorado Boulder,Program in Development - Statehouse Faculty Champion,,,,,,,,,,,,,
126614,University of Colorado Boulder,Boulder,CO,Colorado,"University of Colorado, Boulder",CU News Corps,https://cunewscorps.com/,,,,,,,,,,,,
129020,University of Connecticut,Storrs,CT,Connecticut,University of Connecticut,Program in Development - Statehouse Faculty Champion,,,,,,,,,,,,,
130943,University of Delaware,Newark,DE,Delaware,University of Delaware,Department of Communication,https://www.communication.udel.edu/,,,,,,,,,,,,
133526,Edward Waters University,Jacksonville,FL,Florida,Edward Waters University,Edward Waters Communications Department,https://www.ew.edu/academic-programs/communications/,,,,,,,,,,,,
133650,Florida Agricultural and Mechanical University,Tallahassee,FL,Florida,Florida A&M University,SJGC Capital Bureau,http://www.thefamuanonline.com,,,,,,,,,,,,
137564,Southeastern University,Lakeland,FL,Florida,Southeastern University,NextGen Journalism Club,,,,,,,,,,,,,
132903,University of Central Florida,Orlando,FL,Florida,University of Central Florida,Orlando Sentinel Partnership,,,,,,,,,,,,,
139940,Georgia State University,Atlanta,GA,Georgia,Georgia State University,The Red and Black Newspaper,https://www.redandblack.com/,,,,,,,,,,,,
139959,University of Georgia,Athens,GA,Georgia,University of Georgia,Program in Development - Statehouse Faculty Champion,,,,,,,,,,,,,
139959,University of Georgia,Athens,GA,Georgia,University of Georgia,Oglethorpe Echo,,,,,,,,,,,,,
142285,University of Idaho,Moscow,ID,Idaho,University of Idaho,McClure Journalism Internship Program,,,,,,,,,,,,,
144005,Chicago State University,Chicago,IL,Illinois,Chicago State University,Program in Development - Faculty Champion,,,,,,,,,,,,,
144281,Columbia College Chicago,Chicago,IL,Illinois,Columbia College Chicago,Austin Talks,http://austintalks.org/,,,,,,,"""The Austin community, home to nearly 100,000 people, is rich in diversity, culture and life. AustinTalks – a project of Columbia College Chicago’s Communication Department – seeks to reflect this richness and provide the residents of Chicago’s most-populated neighborhood with news and information not available anywhere else.Most of the stories, photos, video and audio you’ll find here on AustinTalks are produced by undergraduate and graduate journalism students at Columbia College Chicago, who launched the site in spring 2010 and continue to operate it today. Other contributors include Columbia alum, Austin residents and others who want to make the West Side all it can be.""",,,,,
144740,DePaul University,Chicago,IL,Illinois,DePaul University,14 East,http://fourteeneastmag.com/index.php/category/news_politics/,,,,,,yes,"""14 East is an independent online magazine based in Chicago. Run by students within DePaul University, we publish longform stories every week with an emphasis on multimedia and data. We’ve been operating since September 2015. As a newsroom, we explore anything from politics to health to culture. As a community, we strive toward inclusivity and transparency with both our readers and writers. We believe our stories aren’t complete when we put someone’s picture on the website; only when we’ve captured a person’s dignity can we say that we’ve done our job.""",,,,,
144740,DePaul University,Chicago,IL,Illinois,DePaul University,Journalism Program,https://depauliaonline.com/,http://fourteeneastmag.com/index.php/2024/01/26/the-rattiest-city/,,,,,,,,,,,
145336,Governors State University,University Park,IL,Illinois,Governors State University,Program in Development - Faculty Champion,,,,,,,,,,,,,
154101,Northwestern College,Orange City,IA,Illinois,Northwestern,Journalism Residence,,,,,,,,,,,,,
154101,Northwestern College,Orange City,IA,Illinois,Northwestern,Social Justice Reporting,https://www.medill.northwestern.edu/journalism/graduate-journalism/specializations/social-justice-and-solutions-journalism/,,,,,,,,,,,,
147767,Northwestern University,Evanston,IL,Illinois,Northwestern University,Journalism Residence,,,,,,,,,,,,,
148654,University of Illinois Springfield,Springfield,IL,Illinois,University of Illinois - Springfield,Public Affairs Reporting,"https://www.uis.edu/par/public-affairs-reporting-ma#:~:text=PAR%20is%20a%2010%2Dmonth,politics%20and%20other%20public%20affairs.",,,,,,,,,,,,
150136,Ball State University,Muncie,IN,Indiana,Ball State University,Sustainability Series,https://www.bsu.edu/academics/collegesanddepartments/sjsc,,,,,,,,,,,,
154350,Simpson College,Indianola,IA,Iowa,Simpson College,Department of Multi-Media Communication,https://simpson.edu/academics/departments/department-multimedia-communication,,,,,,,,,,,,
155317,University of Kansas,Lawrence,KS,Kansas,University of Kansas,Statehouse Reporting Class,,,,,,,,,,,,,
156620,Eastern Kentucky University,Richmond,KY,Kentucky,Eastern Kentucky University,The Eastern Progress,https://www.easternprogress.com/,https://www.easternprogress.com/news/solar-eclipse-at-eku/article_49565c44-f601-11ee-9535-77cf5867e0b5.html,,,,,,"""The Eastern Progress Media Network has been serving the Eastern Kentucky University community since 1922. The Eastern Progress provides opportunities for students to gain hands-on experience in journalism. The Eastern Progress Media Network supports print, online, podcast, and video programs. """,,,,,
157058,Kentucky State University,Frankfort,KY,Kentucky,Kentucky State University,Program in Development - Faculty Champion,,,,,,,,,,,,,
157401,Murray State University,Murray,KY,Kentucky,Murray State University,270 Stories - Department of Journalism and Mass Communications,https://270stories.mymurraystate.com/,,,,,,,"""270 Stories is a project of the JMC Collaborative Journalism Capstone class at Murray State University. The title comes from the area code, 270, which encompasses far western Kentucky. """,,,,,
157447,Northern Kentucky University,Highland Heights,KY,Kentucky,Northern Kentucky University,The Northerner,https://www.thenortherner.com/,https://www.thenortherner.com/news/2024/05/28/five-international-markets-share-a-slice-of-home/,,,,,yes,"""The Northerner is an independent student-run media outlet innovatively providing relevant and credible content to facilitate informed discussion within the Northern Kentucky University community. While upholding the ethical standards of traditional journalism, we are constantly evolving into the digital age.""",,,,,
157951,Western Kentucky University,Bowling Green,KY,Kentucky,Western Kentucky University,,https://www.wku.edu/schoolofmedia/undergraduateprograms/journalism/news_editorial_journalism.php,,,,,,,,,,,,
159391,Louisiana State University and Agricultural & Mechanical College,Baton Rouge,LA,Louisiana,Louisiana State University,LSU Cold Case Project,https://www.lsu.edu/manship/undergraduate-programs/get-involved/cold-case-project.php,,,,,,,,,,,,
159391,Louisiana State University and Agricultural & Mechanical College,Baton Rouge,LA,Louisiana,Louisiana State University,Manship School Statehouse Burean,,https://manshipxgr.org/2023/06/15/bill-limiting-minors-access-to-sexually-explicit-materials-in-public-libraries-passes/,,,,,,,,,,,
160038,Northwestern State University of Louisiana,Natchitoches,LA,Louisiana,Northwestern State University of Lousiana,Program in Development - Faculty Champion,,,,,,,,,,,,,
160038,Northwestern State University of Louisiana,Natchitoches,LA,Louisiana,Northwestern State University of Louisiana,Northwestern State University Louisiana’s NSU-TV News Service,https://purplemedianetwork.com/nsu-tv/,,,,,,,"""NSU NEWS SERVICE is a student-driven media platform. Working in this program, students follow new media and ethical standards to gain professional, hands-on broadcast experience preparing them for careers in the multimedia production industry. Our organization creates awareness of the diverse and changing nature of the modern media landscape while developing esprit de corps among current members, the professional production community, and alumni.""",,,,,
160658,University of Louisiana at Lafayette,Lafayette,LA,Louisiana,University of Lousiana at Lafayette,Program in Development - Faculty Champion,,,,,,,,,,,,,
162007,Bowie State University,Bowie,MD,Maryland,Bowie State University,Program in Development,,,,,,,,,,,,,
163286,University of Maryland-College Park,College Park,MD,Maryland,University of Maryland,,https://merrill.umd.edu/why-merrill/local-news-network,,,,,,,,,,,,
163286,University of Maryland-College Park,College Park,MD,Maryland,University of Maryland,The Howard Center for Investigative Journalism,https://merrill.umd.edu/howard-center-for-investigative-journalism,,,,,,,,,,,,
163286,University of Maryland-College Park,College Park,MD,Maryland,University of Maryland,Local News Network,https://merrill.umd.edu/why-merrill/local-news-network,,,,,,,,,,,,
164988,Boston University,Boston,MA,Massachusetts,Boston University,Boston University Statehouse Program,https://www.usatoday.com/story/news/health/2023/05/15/women-minorities-unhappy-with-how-doctors-treat-them/70214090007/?gnt-cfr=1,,,,,,,,,,,,
164988,Boston University,Boston,MA,Massachusetts,Boston University,Justice Media Computational Journalism co-Lab (a data analysis class),"https://www.bu.edu/cds-faculty/research-impact/labs/justice-media-co-lab/#:~:text=The%20Justice%20Media%20co%2DLab,to%20advance%20justice%20and%20transparency.",,,,,,,,,,"Local media partner organizations: The Bay State Banner, The Boston Globe, The New England Center for Investigative Reporting",,
165334,Clark University,Worcester,MA,Massachusetts,Clark University,Clark Urban Community Journalism Class Blog,https://clarkcommunityjournalism.wordpress.com/,,,,,,,,,,,,
165699,Endicott College,Beverly,MA,Massachusetts,Endicott College,Endicott News-Academic Partnerships,https://www.endicott.edu/academics/schools/social-sciences-communication-humanities/undergraduate-programs/digital-media-program/digital-media-digital-journalism-concentration,,,,,,,,,,,,
165820,Fitchburg State University,Fitchburg,MA,Massachusetts,Fitchburg State University,Harvard Press Partnership,https://www.fitchburgstate.edu/academics/academic-schools/school-arts-and-sciences/english-studies-department,,,,,,,,,,,,
167987,University of Massachusetts-Dartmouth,North Dartmouth,MA,Massachusetts,University of Massachusetts,Program in Development - Faculty Champion,,,,,,,,,,,,,
169798,Eastern Michigan University,Ypsilanti,MI,Michigan,Eastern Michigan University,Journalism and Media Studies Program,https://www.emich.edu/cmta/programs/journalism-media-studies/index.php,,,,,,,,,,,,
171599,Olivet College,Olivet,MI,Michigan,Olivet College,Program in Development - Faculty Champion,,,,,,,,,,,,,
170976,University of Michigan-Ann Arbor,Ann Arbor,MI,Michigan,University of Michigan Ann Arbor,Program in Development - Faculty Champion,,,,,,,,,,,,,
173160,Bethel University,Saint Paul,MN,Minnesota,Bethel University,Johnson Center for Journalism and Communication,https://www.bethel.edu/undergrad/academics/english-journalism/johnson-center/,,,,,,,,,,,,
174747,College of Saint Benedict,Saint Joseph,MN,Minnesota,College of St. Benedict & St. John's University,Project Optimist,https://www.projectoptimist.us/about/,,,,,,,,,,,,
174233,University of Minnesota-Duluth,Duluth,MN,Minnesota,University of Minnesota Duluth,Beginning Stages,https://academics.d.umn.edu/journalism-ba,,,,,,,,,,,,
174066,University of Minnesota-Twin Cities,Minneapolis,MN,Minnesota,University of Minnesota,LIFT Project,https://www.liftproj.com/,,,,,,,,,,,,
176017,University of Mississippi,University,MS,Mississippi,University of Mississippi,Program in Development - Statehouse Faculty Champion,,,,,,,,,,,,,
176372,University of Southern Mississippi,,MS,Mississippi,University of Southern Mississippi,Program in Development,,,,,,,,,,,,,
178396,University of Missouri-Columbia,Columbia,MO,Missouri,University of Missouri,State Government Reporting Program,https://journalism.missouri.edu/real-world-experiences/other-opportunities/missouri-statehouse-reporting-program/,,,,,,,,,,,,
178396,University of Missouri-Columbia,Columbia,MO,Missouri,University of Missouri,Columbia Missourian,,,,,,,,,,,,,
178396,University of Missouri-Columbia,Columbia,MO,Missouri,University of Missouri,KBIA NPR Affiliate,https://journalism.missouri.edu/real-world-experiences/professional-media-outlets/kbia-91-3-fm/#:~:text=Mid%2DMissouri's%20NPR%2Dmember%20station.,,,,,,,,,,,,
179557,Southeast Missouri State University,,MO,Missouri,Southeast Missouri State University,The Arrow,https://www.southeastarrow.com/,,,,,,,,,,,,
182290,University of Nevada-Reno,Reno,NV,Nevada,University of Nevada Reno,RSJ Project for Local News Innovation,https://www.unr.edu/journalism,,,,,,,,,,,,
182290,University of Nevada-Reno,Reno,NV,Nevada,University of Nevada Reno,Noticiero Movil,https://noticieromovil.com/,,,,,,,,,,,,
182795,Franklin Pierce University,Rindge,NH,New Hampshire,Franklin Pierce University,Marlin Fitzwater Center for Communication,https://www.franklinpierce.edu/academics/colleges-centers/fitzwater-center/index.html,,,,,,,,,,,,
186399,Rutgers University-Newark,Newark,NJ,New Jersey,Rutgers University,Program in Development - Statehouse Faculty Champion,,,,,,,,,,,,,
186876,Stockton University,Galloway,NJ,New Jersey,Stockton University,Community Reporting Innovation Lab,https://stockton.edu/news/2022/community-reporting-lab.html,,,,,,,,,,,,
187985,University of New Mexico-Main Campus,Albuquerque,NM,New Mexico,University of New Mexico,Program in Development - Statehouse Faculty Champion,,,,,,,,,,,,,
195720,Saint John Fisher College,Rochester,NY,New York,St. John Fisher University,Rochester Beacon,https://rochesterbeacon.com/,,,,,,,,,,,,
195164,St Bonaventure University,Saint Bonaventure,NY,New York,St. Bonaventure University,TAPinto Greater Olean,https://www.tapinto.net/towns/greater-olean/,,,,,,,,,,,,
196149,SUNY Cortland,Cortland,NY,New York,SUNY Cortland,Program in Development - Statehouse Faculty Champion,,,,,,,,,,,,,
195234,The College of Saint Rose,Albany,NY,New York,College of Saint Rose,The Pine Hills Blog,https://twitter.com/AlbanyPHBlog,,,,,,,,,,,,
198516,Elon University,Elon,NC,North Carolina,Elon University,North Carolina Local News Workshop,https://nclocalnewsworkshop.org/news/,,,,,,,,,,Protected from soup,,
199412,Queens University of Charlotte,Charlotte,NC,North Carolina,Queens University of Charlotte,Queens University News Service,https://www.queens.edu/news/2021/knight-school-launches-student-run-news-service.html,,,,,,,,,,,,
199120,University of North Carolina at Chapel Hill,Chapel Hill,NC,North Carolina,University of North Carolina,Center for Innovation and Sustainability in Local Journalism,https://www.cislm.org/,,,,,,,,,,,,
199120,University of North Carolina at Chapel Hill,Chapel Hill,NC,North Carolina,University of North Carolina,Advanced reporting class,http://hussman.unc.edu/ug/major/MEJO#JOURNALISM,,,,,,,,,,,,
204796,Ohio State University-Main Campus,Columbus,OH,Ohio,Ohio University,Program in Development - Statehouse Faculty Champion,,,,,,,,,,,,,
204796,Ohio State University-Main Campus,Columbus,OH,Ohio,Ohio University,WOUB Public Media,https://www.ohio.edu/scripps-college/schools-centers/woub,https://woub.org/2024/06/05/athens-city-council-considers-rezoning-requests-that-would-expand-business-space/,,,,,,"""An experiential-learning unit of Ohio University’s Scripps College of Communication, WOUB is also home to public television and radio stations, and production services. You’ll find us covering local news stories, shooting video on the sidelines of area sports events, and hosting local radio shows.""",,,,,
204796,Ohio State University-Main Campus,Columbus,OH,Ohio,Ohio University,Statehouse News Bureau Fellowship,https://www.ohio.edu/scripps-college/journalism/undergraduate/statehouse-news-bureau-fellowship,,,,,,,,,,,,
212106,Duquesne University,Pittsburgh,PA,Pennsylvania,Duquesne University,Multiplatform Newsroom,https://twitter.com/duqmobile,,,,,,,,,,,,
215442,Point Park University,Pittsburgh,PA,Pennsylvania,Point Park University,Center for Media Innovation,https://www.pointpark.edu/academics/schools/schoolofcommunication/centerformediainnovation/index,,,,,,,"Center for Media Innovation also spawned McKeesport Community Newsroom, also sponsered next generation newsroom: https://www.nextgenerationnewsroom.org/ ""It creates a teaching newsroom that brings together professional journalists, recent graduates, and students to fill gaps in local reporting while blazing and sustaining pathways to careers""",,,,,
236948,University of Washington-Seattle Campus,Seattle,WA,Washington,University of Washington,Media Responsibility in Diverse Society,https://com.uw.edu/,,,,,,,,,,,,
131520,Howard University,Washington,DC,Washington DC,Howard University,Center for Journalism and Democracy,https://cfjd.howard.edu/,,,,,,,,,,,,
240727,University of Wyoming,Laramie,WY,Wyoming,University of Wyoming,EPSCOR,https://www.uwyo.edu/epscor/index.html,,,,,,,,,,,,
153658,University of Iowa,Iowa City,IA,Iowa,University of Iowa,The Daily Iowan,https://dailyiowan.com/,https://dailyiowan.com/2024/05/25/iowa-city-increases-parking-rates-and-violation-fines/,"""Colin Votzmeyer is a junior at the University of Iowa studying journalism and mass communication with minors in history and criminology, law, and justice. Prior to his role as assistant sports editor, he previously served as digital producer, news reporter covering crime, cops, and courts, and sports reporter covering track and field and women's basketball. He plans on attending law school after his graduation with hopes of pursuing a career as a criminal defense attorney.""",,,,,,,,,,
184782,Rowan University,Glassboro,NJ,New Jersey,Rowan University,South Jersey Climate News,https://sjclimate.news/,https://sjclimate.news/4856/features/sowing-the-seeds-of-environmental-and-food-justice/,"""Hi! My name is Isaac and I’m a senior Journalism Major at Rowan, my background is in Food having received a culinary degree from Atlantic Cape Community College in Mays Landing, I am on the promotion and partnerships team here at SJCN. I love cooking and discovering new foods through eating and reading. Some of my favorite movies are Who Framed Roger Rabbit and the new Godzilla minus one!""",,,,,,,,,,
100724,Alabama State University,Montgomery,AL,Alabama,Alabama State University,The Hornet Tribune,https://asuhornettribune.com/?full-site,,,,,,,,,XXX,"Changed website link to the Hornet Tribune - can look at student wrtitten articles when it states ""staff..."" in author section",,
100858,Auburn University,Auburn,AL,Alabama,Auburn University,The Auburn Plainsman,https://www.theplainsman.com/,https://www.theplainsman.com/article/2024/05/auburn-mens-golf-team-secures-first-national-championship-caps-historic-season,"""Grace Heim is a senior from Enterprise, Alabama, majoring in Political Science. She started with The Plainsman in January 2023.""",,,,,,,,"Changed ""program"" from 'in progress - faculty champion' to The Auburn Plainsman",,
100751,The University of Alabama,Tuscaloosa,AL,Alabama,University of Alabama,Department of Journalism & Creative Media,https://catalog.ua.edu/undergraduate/communication-information-sciences/journalism-creative-media/,https://www.wvua23.com/take-a-look-at-tuscaloosas-newest-attraction-popstroke-minigolf/,"""By WVUA 23 Student News Reporter Nick Balenger""",,,,,,,,Has internships with both The Tuscaloosa News (paywalled) and WVUA 23,,
102553,University of Alaska Anchorage,Anchorage,AK,Alaska,University of Alaska Anchorage,Program in Development - Statehouse Faculty Champion,https://www.uaa.alaska.edu/academics/college-of-arts-and-sciences/departments/journalism-and-communication/index.cshtml,,,,,,,,,XXX,Journalism and Public Communications students work with Alaska Public Media and the Anchorage Daily News,,
104151,Arizona State University Campus Immersion,Tempe,AZ,Arizona,Arizona State University,Cronkite News Distribution,https://cronkite.asu.edu/experiences/cronkite-news-phoenix/,https://cronkitenews.azpbs.org/2024/05/30/coaches-arizona-poor-numbers-youth-sports-participation/,"""Zach Mott expects to graduate in May 2024 with a bachelor’s degree in sports journalism. Mott has interned with the Varsity Sports Show doing camera and broadcast work.""",,,,,,,,,,
104179,University of Arizona,Tucson,AZ,Arizona,University of Arizona,El Inde,https://indearizona.com/,https://indearizona.com/tucson-theater-company-brings-matilda-to-life-for-the-holidays/,,,,,,"""El Inde is a news service of the University of Arizona School of Journalism.""",,,,,
106458,Arkansas State University,Jonesboro,AR,Arkansas,Arkansas State University,Delta Digital New Service,https://deltanewsservice.wordpress.com,https://deltanewsservice.com/2024/05/01/mental-health-where-the-gym-comes-in-handy/,"""Brayden Morse is a junior in the multimedia journalism program in the School of Media and Journalism at Arkansas State University in Jonesboro.""",,,,,,,,,,
109785,Azusa Pacific University,Azusa,CA,California,Azusa Pacific University,ZuMedia,https://zunews.com/,https://zunews.com/2024/04/issues-with-commuting-and-off-campus-housing/,"""Eli is a freshman journalism major as I plan to enter the sports reporting/ broadcasting field post graduation. I enjoy everything sports related, listening to music, and incorporating fashion as much as possible.""",,,,,,,,,,
110097,Biola University,La Mirada,CA,California,Biola University,Biola University,https://catalog.biola.edu/sfac/JOIM-ba/,,,,,,https://thepointmagazine.org/1607/photos/whats-the-point-native-american-heritage-month/,,,XXX,"Has a local section in the point, but no programs on their university website that indicate they collaborate with local reporters outside of the university",,
110538,California State University-Chico,Chico,CA,California,California State University Chico,,https://www.csuchico.edu/jour/index.shtml,,,,,,https://theorion.com/staff/,"""Molly Myers is a transfer student from Palmdale, California. She is a journalism major also minoring in religious studies. Molly is Managing Editor at The Orion and previously worked as Editor-in-Chief. Her work is also published in Watershed Review. Getting to meet new people and hear their stories is her favorite part of being a journalist. Outside of The Orion she instructs yoga at the WREC and volunteers with the Torres Community Shelter.""",,,Couldn't find program connections with local news,,
110592,California State University-Los Angeles,Los Angeles,CA,California,"California State University, Los Angeles",University Times,https://www.calstatela.edu/al/television-film-and-media-studies/journalism,,,,,,https://csulauniversitytimes.com/,"""Tristan Longwell is the News Editor for the University Times (UT). She is a senior majoring in criminal justice, with a minor in journalism. Longwell has an interest in documentary filmmaking, creative and uncreative writing, music, fashion, true crime and all things Los Angeles.""",,,"Have a student run newspaper, but no evidence of a program where university is collaborating with local reporters with local outlets",,
111948,Chapman University,Orange,CA,California,Chapman University,Collegiate News Service,https://www.chapman.edu/dodge/programs/undergraduate/bfa-news-doc.aspx,https://voiceofoc.org/2019/04/harden-the-challenge-of-being-black-at-chapman-university/,"""Olivia Harden attends Chapman University (Class of 2019) and is the Features Editor of The Panther Newspaper.""",,,,https://news.chapman.edu/,,,,"Has a local section in the student reporting website. located near large news organizations (CNN, ESPN, HBO, NBC, Paramount Pictures, Sony Pictures, etc.) Collegiate News section: https://voiceofoc.org/category/news/collegiate-news-service/",,
120342,Orange Coast College,Costa Mesa,CA,California,Orange Coast College,Coast Report Online,https://www.coastreportonline.com/,https://www.coastreportonline.com/news/article_0bb6b16c-026e-11ef-873d-27236e4b64dc.html,,,,,,"""Coast Report is the official newspaper of Orange Coast College since 1948. Our mission is two-fold: 1) to teach students journalism and 2) to inform our campus community.""",,,,,
121150,Pepperdine University,Malibu,CA,California,Pepperdine University,Pepperdine/Seaver College Journalism Program,https://seaver.pepperdine.edu/communication/undergraduate/journalism/,,,,,,https://pepperdine-graphic.com/,,,XXX,"Collaborates with Pepperdine graphic media (student news organization) and Newswaves - the university has a studio where students practice reporting, but is not directly connected to local news outlets",,
121619,Santa Ana College,Santa Ana,CA,California,Santa Ana College,el Don,https://eldonnews.org,https://eldonnews.org/news/2024/05/15/district-considers-a-720-million-bond-for-the-upcoming-ballot/,,"""el Don is the student voice of Santa Ana College. All work is produced by students enrolled in journalism courses and is published online and on social media daily and in print every semester.""",,,yes,"""el Don is produced by students enrolled in multimedia production courses in the Communications and Media Studies’ 21st-century journalism program.Santa Ana College student news media have won more local, state, and national awards than any community college in the United States. Our students routinely win state, national, and international honors for journalistic skills: editorial leadership, writing, reporting, design, photography, emerging media, and management.""",,,,,
110635,University of California-Berkeley,Berkeley,CA,California,University of California Berkeley,Oakland North,https://oaklandnorth.net/,https://oaklandnorth.net/2024/04/10/oakland-downtown-specific-plan-preserve-change/,,,,,,"""Oakland North is an online news service produced by students at the UC Berkeley Graduate School of Journalism and covering Oakland, California. Our goals are to improve local coverage, innovate with digital media, and listen to you–about the issues that concern you and the reporting you’d like to see in your community.""",,,,,
110635,University of California-Berkeley,Berkeley,CA,California,University of California Berkeley,Richmond Confidential,https://richmondconfidential.org/,https://richmondconfidential.org/2023/11/30/richmond-sea-level-rise-hits-shoreline/,,,,,,"""Richmond Confidential is an online news service produced by the UC Berkeley Graduate School of Journalism for, and about, the people of Richmond, California. Our goal is to produce professional and engaging journalism that is useful for the citizens of the city.""",,,,,
123961,University of Southern California,Los Angeles,CA,California,University of Southern California,Crosstown,https://xtown.la/,https://xtown.la/2024/06/03/after-a-brief-drop-illegal-trash-dumping-complaints-in-los-angeles-climb-again/,,,,,,,,XXX,,,
123961,University of Southern California,Los Angeles,CA,California,University of Southern California,Annenberg Media Center/Dimelo,https://www.uscannenbergmedia.com/,https://www.uscannenbergmedia.com/2024/06/01/three-home-ballparks-an-unprecedented-start-and-a-withering-conference-usc-baseballs-2024-journey/,"""Kasey Kazliner is a Communications major from the Bay Area. He is a host on The Talk of Troy and Sports SCene. Kazliner is also the LA Kings and Anaheim Ducks beat writer for The Talk of Troy and writes a weekly NHL column, The Silver Shield. He is the play-by-play voice of USC hockey and received the Koechling Media Award for his broadcasting.""",,,,,,,,,,
126678,Colorado College,Colorado Springs,CO,Colorado,Colorado College,Journalism Institute,https://www.coloradocollege.edu/other/journalism-institute/,,,,,,,,,,,,
127565,Metropolitan State University of Denver,Denver,CO,Colorado,Metropolitan State University of Denver,Met Media,https://www.mymetmedia.com,https://www.mymetmedia.com/tensions-continue-as-protesters-are-detained-at-the-aerospace-building-at-msu-denver/,,,,,,,,XXX,,,
127060,University of Denver,Denver,CO,Colorado,University of Denver,DU Media,https://storylab.du.edu/dumedia/,https://storylab.du.edu/dumedia/2024/01/16/animal-adoptions-the-reason-why-people-are-not-adopting-more/,,,,,,,,XXX,,,
130226,Quinnipiac University,Hamden,CT,Connecticut,Quinnipiac University,Ability Media Group,,https://abilitymediagroup.com/f/invisible-chains-what-it’s-like-to-live-with-a-disability,"""Sean O’Toole and Grace McGuire are reporters for Ability Media Group, a project of the Quinnipiac University School of Communications.""",,,,,,,,,,
130253,Sacred Heart University,Fairfield,CT,Connecticut,Sacred Heart University,"School of Communication, Media & the Arts",https://eastoncourier.news/,,,,,,,,,XXX,,,
133669,Florida Atlantic University,Boca Raton,FL,Florida,Florida Atlantic University,MediaLab@FAU,https://www.medialabfau.com/,https://www.medialabfau.com/news/lgbtq%2B-candidates-vie-for-local-office-in-palm-beach-county,"""Mary Rasura is a journalism student at FAU and the editor of OutFAU, a monthly publication focused on the LGBTQ+ community.""",,,,,,,,,,
433660,Florida Gulf Coast University,Fort Myers,FL,Florida,Gulf Coast University,Democracy Watch,https://news.wgcu.org/tags/democracy-watch,https://news.wgcu.org/government-politics/2023-12-07/florida-families-take-the-fight-for-disability-services-into-their-own-hands,"""This story was produced by the Democracy Watch program, a collaboration between FGCU Journalism and WGCU News.""",,,,,,,,,,
134130,University of Florida,Gainesville,FL,Florida,University of Florida,Fresh Take Florida,https://www.jou.ufl.edu/fresh-take-florida/,https://www.wuft.org/2024-04-29/florida-police-arrest-first-pro-palestinian-protesters-in-state-at-university-campuses,"""This story was produced by Fresh Take Florida, a news service of the University of Florida College of Journalism and Communications. The reporter can be reached at vivienneserret@ufl.edu. You can donate to support our students here.""",,,,,,,,,,
135726,University of Miami,Coral Gables,FL,Florida,University of Miami,CommunityWire.Miami,https://communitywire.miami,https://themiamihurricane.com/2023/01/07/jaquan-johnson-reflects-on-damar-hamlins-mnf-incident/,,,,,,,,,,,
139861,Georgia College & State University,Milledgeville,GA,Georgia,Georgia College & State University,Program in Development - Faculty Champion,,,,,,,,,,,,,
486840,Kennesaw State University,Kennesaw,GA,Georgia,Kennesaw University,Fresh Take Georgia,https://freshtakegeorgia.org/,https://freshtakegeorgia.org/everyday-hero-lady-t-helps-feed-those-in-need/,,,,,,,,XXX,,,
140447,Mercer University,Macon,GA,Georgia,Mercer University,Macon NewsRoom/Center for Collaborative Journalism,https://macon-newsroom.com/,https://macon-newsroom.com/18247/community/studentwork/mercer-students-get-hands-on-in-the-dominican/,"""Amelie Horace, Center for Collaborative Journalism""",,,,,,,,,,
139959,University of Georgia,Athens,GA,Georgia,University of Georgia,Woodall Weekend Workshop,https://gradynewsource.uga.edu/category/in-depth/visual-journalism/woodall/,https://gradynewsource.uga.edu/marbling-matters-retired-firefighter-raises-quality-ethical-beef/,"""Quint Breedlove is a senior majoring in journalism in the Grady College of Journalism and Mass Communication at the University of Georgia. This story was produced during the annual Woodall Weekend Workshop in 2023.""",,,,,,,,,,
141574,University of Hawaii at Manoa,Honolulu,HI,Hawaii,"University of Hawaii, Manoa",Legislative Reporting Capstone,,https://www.civilbeat.org/2023/06/cleaning-up-the-aftermath-of-a-honolulu-unions-embezzlement-scandal/,"""Jesse Espitia is from El Monte, Calif., and studies journalism at UH Manoa. He covers the labor beat.""",,,,,,,,,,
145637,University of Illinois Urbana-Champaign,Champaign,IL,Illinois,University of Illinois Urbana Champaign,Citizen Access,https://cu-citizenaccess.org/about-us/,https://cu-citizenaccess.org/2024/01/small-grant-program-funds-in-champaign-doubled-this-fiscal-year-program-supports-neighborhood-initiatives-activities/,,,,,,,,XXX,,,
145637,University of Illinois Urbana-Champaign,Champaign,IL,Illinois,University of Illinois Urbana Champaign,Illinois Student Newsroom,https://will.illinois.edu/studentnewsroom/story/the-geo-secures-new-contract,,,,,,,"""Welcome to the Illinois Student Newsroom at Illinois Public Media, where student journalists from the University of Illinois College of Media work side-by-side with media professionals in all facets of a public media newsroom to produce nationally recognized work, including Hearst Medallions for audio journalism in every year of our existence.""",,,,,
150604,Franklin College,Franklin,IN,Indiana,Franklin College,Statehouse File,https://www.thestatehousefile.com/,https://www.thestatehousefile.com/features/culp-works-through-his-first-legislative-session-as-house-s-only-full-time-farmer/article_e9c1581e-da23-11ed-8330-5f571fa043a6.html,"""Ashlyn Myers is a reporter for TheStatehouseFile.com, a news website powered by Franklin College journalism students.""",,,,,"""TheStatehouseFile.com is an Indiana news site powered by the students of Franklin College’s Pulliam School of Journalism.""",,,,,
151351,Indiana University-Bloomington,Bloomington,IN,Indiana,Indiana University,Arnolt Center for Investigative Journalism,https://arnoltcenter.org/,https://arnoltcenter.org/work/communities-struggle-to-get-connected-despite-billions-in-broadband-investment/,"""By Leslie Bonnila Muniz, Indiana Capital Chronicle, Arnolt Center staff Mitchell Lierman, Yanai Levy, Ryan Murphy, Stephen Prager and Tyler Spence.""",,,,,,,,"""Arnolt center staff""",,
155317,University of Kansas,Lawrence,KS,Kansas,University of Kansas,Eudora Times,https://www.eudoratimes.newsnirvana.com/,https://www.eudoratimes.newsnirvana.com/government/neighborhood-with-118-homes-moves-forward/article_ff1a643c-8dfe-11ee-96ec-47943e22c8a9.html,,,,,,,,XXX,,,
161457,University of New England,Biddeford,ME,Maine,University of New England,Program in Development - Faculty Champion,,https://sacobaynews.com/downtown-biddeford-celebrates-local-creators-friday-with-artwalk-p2488-1.htm,"""Skyler Garcia is a senior at University of New England and a UNE Community News Fellow.""",,,,,,,,,,
163286,University of Maryland-College Park,College Park,MD,Maryland,University of Maryland,Capital News Service Annapolis Bureau,https://cnsmaryland.org/,https://cnsmaryland.org/2024/03/18/marylands-teacher-shortage-will-the-blueprints-plan-for-better-pay-training-do-enough/,,,,,,,,XXX,,,
167358,Northeastern University,Boston,MA,Massachusetts,Northeastern University,The Scope,,https://thescopeboston.org/9021/news-and-features/doula-work/,,,,,,,,XXX,,,
171100,Michigan State University,East Lansing,MI,Michigan,Michigan State University,Capital News Service,https://news.jrn.msu.edu/series/capitalnewsservice/,,"""Sarah is a junior at Michigan State University double majoring in Social Relations & Policy and Journalism. She is interested in writing about how politics affects local communities and making information accessible for everyone. In her free time, she likes boxing, yoga, and spending time with friends, family, and her dog.""",,,,,,,,,,
171100,Michigan State University,East Lansing,MI,Michigan,Michigan State University,Great Lakes Echo,https://greatlakesecho.org/about-us/,https://greatlakesecho.org/2024/05/02/reporting-on-climate-change-impacts-on-marginalized-communities/,,"""We're a project of the Knight Center for Environmental Journalism at Michigan State University.""",,,yes,"""Great Lakes Echo is produced by the Knight Center for Environmental Journalism at Michigan State University. Original content is produced by students, faculty, professional journalists and Capital News Service.""",,,,,
174233,University of Minnesota-Duluth,Duluth,MN,Minnesota,University of Minnesota Duluth,LakeVoice News,https://lakevoicenews.org/,https://lakevoicenews.org/tectonic-activity-and-geology-of-the-midwest-simplified-d320759d9de8,,,,,,"""LakeVoice is an online publication covering community news in northern Minnesota and northwest Wisconsin. The site is run by students at the University of Minnesota Duluth.""",,,,,
178396,University of Missouri-Columbia,Columbia,MO,Missouri,University of Missouri,Mizzou Statehouse Reporting/The Columbian Missourian,https://www.columbiamissourian.com/,https://www.columbiamissourian.com/news/local/council-to-vote-on-city-employee-salary-adjustments/article_19b2729e-1f86-11ef-b216-9b4a76556fa9.html,"""Sterling Sewell, summer 2024 reporter."", ""Molly Gibbs Reporter for summer 2024. Studying journalism and political science.""",,,,,"""The Columbia Missourian strives to serve the Columbia community through its journalism, telling the stories of the community while serving as a watchdog for elected officials and university administration. The Missourian also serves as a training ground for journalists and a lab for the broader industry. We strive to prepare students to enter newsrooms as ethical journalists.""",,,,,
178396,University of Missouri-Columbia,Columbia,MO,Missouri,University of Missouri,KOMU Commercial TV station,https://www.komu.com/,https://www.komu.com/news/midmissourinews/rothwell-park-to-undergo-lakeshore-improvement-project/article_ae6a6fc4-2286-11ef-afa1-ffa9f91b1eb1.html,,,,,,"""The station is a full-powered NBC affiliate operating as an independent commercial property. As such, KOMU 8 is the only major network affiliate in the United States that acts as a university-owned commercial television station utilizing its newsroom as a working lab for students. Recognized throughout the broadcast industry as the premiere training ground for television journalists, KOMU 8's newsroom creates a real-life lab experience for students attending The University of Missouri prestigious School of Journalism.""",,,,,
180489,The University of Montana,Missoula,MT,Montana,University of Montana Missoula,Legislative News Service,https://www.facebook.com/umlegnews/,,,,,,,,,,,,
181464,University of Nebraska-Lincoln,Lincoln,NE,Nebraska,University of Nebraska,Nebraska News Service,https://nebraskanewsservice.net/,https://www.nebraskanewsservice.net/news/local/how-a-tennis-court-expansion-proposal-inspired-a-neighborhood-to-take-action/article_04d2a7ae-0bbd-11ef-a4ac-63075235774f.html,,,,,,"""The Nebraska News Service is provided by the University of Nebraska-Lincoln College of Journalism and Mass Communications’ Experience Lab. Content is provided by students in college courses and from Experience Lab programs, the Nebraska News Service, Unlimited Sports, Global Eyewitness, Production House, Heartland Pulse and Nebraska Nightly. All content is student-produced. Opinions expressed are not those of the University of Nebraska-Lincoln administration or the University of Nebraska Board of Regents. The College of Journalism and Mass Communications is committed to making its programs and services accessible to all persons.""",,,,,
182290,University of Nevada-Reno,Reno,NV,Nevada,University of Nevada Reno,Hitchcock Project,https://hitchcockproject.org/,,"""Emilie Rodriguez is a senior at the Reynolds School of Journalism. She is a student reporter with KUNR Public Radio and The Hitchcock Project for Visualizing Science.""",,,,,,,,,,
183822,Bloomfield College,Bloomfield,NJ,New Jersey,Bloomfield College,Public Square Amplified,https://www.publicsq.org/,https://www.publicsq.org/climate-environment/a-history-of-flooding-and-broken-promises-in-morristown-black-community,"""Emma Uk is an award-winning journalist and has written for local news outlets such as TAPinto Flemington-Raritan, TAPinto TheBReeze and The Link News. Emma is an avid movie lover and researcher, born and raised in New Jersey. She graduated from Columbia University with a B.A in English.""",,,,,,,,,,
187985,University of New Mexico-Main Campus,Albuquerque,NM,New Mexico,University of New Mexico,New Mexico News Port,https://newmexiconewsport.com/,https://newmexiconewsport.com/tenants-with-nowhere-to-turn/,"""Jeremiah O. Rhodes is a Searchlight editorial intern and a dean’s merit fellow at the UC Berkeley Graduate School of Journalism, where he’s focusing on data reporting and web development. Rhodes received his bachelor’s degree from the University of North Carolina at Chapel Hill, where he studied photo and video journalism. Before graduate school, he worked with visuals teams at The Tennessean, The Texas Tribune, The Washington Post and NPR. Rhodes is also a member of the National Association of Black Journalists and the Association of LGBTQ+ Journalists.""",,,,,,,,,,
190150,Columbia University in the City of New York,New York,NY,New York,Columbia University,Columbia News Service,https://columbianewsservice.com/,https://columbianewsservice.com/2023/12/05/why-workers-with-disabilities-are-filing-complaints-against-amazon/,"""Nandhini Srinivasan is a student at the Columbia Graduate School of Journalism.""",,,,,,,,,,
190637,CUNY Lehman College,Bronx,NY,New York,Lehman College,Bronx Journal,http://bronxjournal.com,http://bronxjournal.com/?p=27769,,,,,yes,"""The Bronx Journal is a publication of the Lehman College Multimedia Journalism program. It is an online-only production created in the Bronx about the Bronx. It features text, multimedia and broadcast stories from The Bronx Journal television program.""",,,,,
191649,Hofstra University,Hempstead,NY,New York,Hofstra University,Long Island Advocate,https://medium.com/the-long-island-advocate,https://longislandadvocate.com/nassau-pedestrian-accidents-jump-16-from-2022-to-2023/,,,,,,"""The Long Island Advocate is a showcase of the finest journalism and digital media content produced by students at Hofstra University’s Lawrence Herbert School of Communication. It is part of the Herbert School’s commitment to community journalism — to building partnerships with and exploring the complex issues of the suburban communities around Hofstra, particularly in underserved communities.""",,,,,
196176,State University of New York at New Paltz,New Paltz,NY,New York,SUNY New Paltz,Legislative Gazette,https://legislativegazette.com/,https://legislativegazette.com/hochul-signs-legislation-expanding-access-to-reproductive-health-care/,,,,,,,,XXX,,,
196097,Stony Brook University,Stony Brook,NY,New York,SUNY Stonybrook,,https://www.youtube.com/@StonyBrookJournalismlongisland.com,https://www.longislandrestaurants.com/people-packed-into-the-43rd-annual-pickle-festival/,"""Biwen Liu is a reporter with The SBU Media Group, part of Stony Brook University’s School of Communication and Journalism’s Working Newsroom program for students and local media.""",,,,,,,,,,
196130,SUNY Buffalo State,Buffalo,NY,New York,SUNY Buffalo State University,Online Newsroom,https://bscbengalnews.blogspot.com/,https://bscbengalnews.blogspot.com/2023/12/waterkeeper-in-step-with-state-to.html,,,,,,,,XXX,,,
196413,Syracuse University,Syracuse,NY,New York,Syracuse University,WAER,https://www.waer.org/,https://www.waer.org/news/2024-03-07/why-a-small-adirondack-mountain-has-made-big-even-olympic-waves-in-skiing,"""Nate Harrington is a student reporter for WAER.""",,,,,,,,,,
198419,Duke University,Durham,NC,North Carolina,Duke University,9th Street Journal,https://9thstreetjournal.org/,https://9thstreetjournal.org/2023/05/26/a-courthouse-moment-youre-gonna-do-it-or-youre-not/,,,,,,"""The 9th Street Journal is published by students in the DeWitt Wallace Center for Media & Democracy in the Sanford School of Public Policy at Duke University.""",,,,,
198516,Elon University,Elon,NC,North Carolina,Elon University,Elon News Network,https://www.elonnewsnetwork.com/,https://www.elonnewsnetwork.com/staff/joseph-navin,"""Joseph Navin '24 is a staff photographer and staff writer for Elon News Network. Navin is majoring in Journalism and is minoring in Political Science. Navin enjoys taking photographs and reporting on news stories pertaining to the local community, Alamance County and the aerospace industry.""",,,,,,,,,,
199102,North Carolina A & T State University,Greensboro,NC,North Carolina,North Carolina A&T State University,Program in Development - Faculty Champion,,,https://storieswetell.news/2023/08/22/n-c-at-students-want-a-safer-college-experience/,,,,https://storieswetell.news/,"""Kamryn Jackson is a junior multimedia journalism major at N.C. A&T from Bowie, Maryland""",,,,,
199412,Queens University of Charlotte,Charlotte,NC,North Carolina,Queens University of Charlotte,Queens University News Service,https://qcitymetro.com/,https://qcitymetro.com/2023/09/27/historic-plantations-in-mecklenburg-county-confront-their-legacies-of-slavery/,"""Simone Feast is a student in the James L. Knight School of Communication at Queens University of Charlotte, which provides the news service in support of community news. Bob Page is director of student media at Queens. This work was supported by the James E. Rogers Research Program.""",,,,,,,,,,
200004,Western Carolina University,Cullowhee,NC,North Carolina,Western Carolina University,Sylva Herald Partnership,https://www.wcu.edu/learn/departments-schools-colleges/cas/social-sciences/communication/journalism.aspx,https://thewesterncarolinajournalist.com/2024/02/28/landing-the-big-one-rise-in-trout-fishing-supports-outdoor-economy/,,,,,,"""Thewesterncarolinajournalist.com is the news web site of the Department of Communication at Western Carolina University and established in the fall of 2010.The site is a part of the curriculum of the department, but day-to-day content and operation decisions are made by a student staff appointed by the faculty. Contact our editors and reporters.The Western Carolina Journalist is not part of, or affiliated with, any student activity media. It works cooperatively with other media hosted by the Department of Communication including WWCU-FM ( 95.3).""",,,,,
202523,Denison University,Granville,OH,Ohio,Denison University,Reporting Project,www.thereportingproject.org,https://www.thereportingproject.org/big-hearted-neighbors-in-newarks-east-end-cultivate-community-through-gardening/,"""Zoe Meyer writes for TheReportingProject.org, the nonprofit news organization of Denison University’s Journalism program, which is sponsored in part by the Mellon Foundation.""",,,,,,,,,,
203517,Kent State University at Kent,Kent,OH,Ohio,Kent State University,Ohio NewsLab,https://www.kent.edu/mdj/newslab,https://kentstatenewslab.org/not-so-good-out-there-new-college-grads-struggle-to-find-full-time-work/,,"""This story was originally published by the Kent State NewsLab, a collaborative news outlet publishing journalism by Kent State students.""",,,,"""The Collaborative NewsLab at Kent State University is an experiential and collaborative news commons, launched in June 2020, that helps provide School of Media and Journalism (MDJ) students with real-world reporting experiences through paid internships, while also connecting under-resourced professional media partners with quality, solutions-based coverage focused on local communities and issues.""",,,"News outlets: Ohio News Connection, Ideastream Public Media/WKSU, The Buckeye Flame, The Land, The Portager",,
204024,Miami University-Oxford,Oxford,OH,Ohio,Miami University,Oxford Observer,https://oxfordobserver.org/,https://oxfordobserver.org/15000/community/candidates-clash-over-party-loyalty-and-abortion-during-final-u-s-senate-gop-primary-debate/,"""Alice Momany is a senior majoring in journalism and political science at Miami University. On campus, she is involved in The Miami Student and UP Magazine. She has previously written for the Journal-News and the Toledo Blade.""",,,,,,,,,,
204796,Ohio State University-Main Campus,Columbus,OH,Ohio,Ohio University,The Post,https://www.thepostathens.com/,,https://www.thepostathens.com/article/2024/05/odnr-water-contamination-athens-county-ohio-oil-and-gas-commission,,,,,"""The Post is an independent, award-winning student-run news publication on Ohio University’s campus. We pride ourselves in delivering our readers innovative and detailed storytelling through multi-platform reporting. The Post covers topics relating to student interests, faculty, academia, culture, the arts and athletics, as well as state and national issues.""",,,,,
204796,Ohio State University-Main Campus,Columbus,OH,Ohio,Ohio University,The New Political,https://www.thenewpolitical.com/,https://www.thenewpolitical.com/news/lgbulmeeftxxa6vw10ktjy5tpw22y0,"""This is a submitted story from Lindsay Wielonski. She is a senior from Cincinnati, Ohio, studying journalism. She’s also pursuing a social media certificate and a theater minor. Previously, she has interned at Cincinnati CityBeat and the Lebanon Area Chamber of Commerce. After graduation, she hopes to work in journalism or arts administration.""",,,,,"""The New Political is an award-winning, independent publication run entirely by Ohio University students. We are a digital-first outlet solely dedicated to covering politics and government on the Ohio University campus, in the city of Athens and in the state of Ohio. The New Political seeks to educate and empower the public as an independent voice for Athens.""",,,,,
207388,Oklahoma State University-Main Campus,Stillwater,OK,Oklahoma,University of Oklahoma,Gaylord News,https://gaylordnews.net/,,"""Gaylord News is a reporting project of the University of Oklahoma Gaylord College of Journalism and Mass Communication. For more stories by Gaylord News go to GaylordNews.net.""",,,,,,,,,,
209551,University of Oregon,Eugene,OR,Oregon,University of Oregon,Charles Snowden Program for Excellence in Journalism,https://journalism.uoregon.edu/hands-on-learning/internships,https://www.registerguard.com/story/news/local/2024/05/25/oregon-football-irving-elementary-sparrow-club-combine-for-fundraiser/73820959007/,"""Josiah Pensado is a multimedia reporter for The Register-Guard through the Charles Snowden Program for Excellence in Journalism. You can contact him at jpensado@gannett.com and follow him on Instagram@jpa.photos""","""THIS STORY WAS DEVELOPED IN PARTNERSHIP WITH THE LOCAL REPORTING INITIATIVE OF THE CATALYST JOURNALISM PROJECT AT THE UNIVERSITY OF OREGON SCHOOL OF JOURNALISM AND COMMUNICATION. TO LEARN MORE, VISIT CATALYSTJOURNALISM.UOREGON.EDU.""",,,,,,,,,
209551,University of Oregon,Eugene,OR,Oregon,University of Oregon,The Catalyst Journalism Project,https://catalystjournalism.uoregon.edu/,https://eugeneweekly.com/2024/02/29/stretching-to-cover-the-gaps/,,,,,,,,,,,
215442,Point Park University,Pittsburgh,PA,Pennsylvania,Point Park University,Point Park News Service,https://pointparknewsservice.org/,,https://pointparknewsservice.org/prts-upcoming-bus-route-redesign-could-mean-less-delays-and-more-destinations/,,,,,"""Based at Point Park University, the Point Park News Service publishes content by students for public use. Any news outlet may republish the PPNS content as long as it runs the student’s byline and provides the following tagline or editor’s note: This content appears courtesy of the Point Park News Service, a program of the School of Communication at Point Park University in downtown Pittsburgh. Please also notify us at newsservice@pointpark.edu. The News Service also houses The Burgh Inclusive, a student-run campus magazine.""",,,,,
216339,Temple University,Philadelphia,PA,Pennsylvania,Temple University,Philadephia Neighborhoods,https://www.temple.edu/academics/degree-programs/journalism-major-co-jrn-ba,,,,,,https://philadelphianeighborhoods.com/,,,XXX,"""Students are also required to complete a Capstone Experience, reporting on the undercovered and underserved neighborhoods of Philadelphia for an area news outlet."" Has an internship program that offers experience with ABC/WPVI, NBC/WCAU, CBS, Philadelphia Daily News, Comcast SportsNet, Philadelphia Weekly, KYW Newsradio 1060, WHYY through Kleins College",,
495767,The Pennsylvania State University,University Park,PA,Pennsylvania,Pennsylvania State University,Centre News Digest,http://centrenewsdigest.com/,http://centrenewsdigest.com/,,,,,,"""The Centre News Digest is a product of the Centre County News Initiative which was started in January 2021 by two professors at Penn State, Dr. Anne Hoag and Professor Curt Chandler. Our team is made up of correspondents dedicated to keeping the Centre County community informed.""",,,,,
217873,Claflin University,Orangeburg,SC,South Carolina,Claflin University,Journalism Program,https://www.claflin.edu/academics-research/schools-departments/school-of-humanities-and-social-sciences/department-of-mass-communications,,,,,,https://www.thepanthernewspaper.org/,,,,Couldnt find info on the school directly connecting students with local reporters,,
218724,Coastal Carolina University,Conway,SC,South Carolina,Coastal Carolina University,,https://www.coastal.edu/communication/,,,,,,https://chanticleernews.com/,,,XXX,"Course: JOUR 361: News Features and Magazine Writing, where students create news articles, etc. for local news papers and outlets (says this on the website, but couldn't find the local outlets they wrote for)",,
218663,University of South Carolina-Columbia,Columbia,SC,South Carolina,University of South Carolina,Program in Development - Statehouse Faculty Champion,,https://carolinanewsandreporter.cic.sc.edu/increased-adhd-diagnoses-prescriptions-concern-local-medical-experts/,"""Robins is a junior journalism student in the Honors College at the University of South Carolina. She is a co-managing editor for USC’s student-run newspaper, The Daily Gamecock. She spent the summer working for her hometown newspaper in High Point, North Carolina, where she enjoyed reporting on crime, technology and healthcare.""",,,,https://www.sc.edu/study/colleges_schools/cic/journalism_and_mass_communications/news/2024/mechelle_lewis_inspiring_future_generation.php,"""Matt Olivieri wrote this article in Instructor Bertram Rantin's Honors Writing for Mass Communications class. He is a freshman in the Honors College studying broadcast journalism with a minor in business administration. Matt hopes to have a career in sports journalism and media in the future. He is from New York state.""",,,They have a mentor match program where they pair students with alumni that are in their desired profession,,
218964,Winthrop University,Rock Hill,SC,South Carolina,Winthrop University,Program in Development - Faculty Champion,,,,,,,,,,XXX,Students have a yearly news letter called The Outlet,,
220631,Lincoln Memorial University,Harrogate,TN,Tennesee,Lincoln Memorial University,LMU Media,https://www.lmunet.edu/news/index,,,,,,,,,XXX,,,
219709,Belmont University,Nashville,TN,Tennessee,Belmont University,Program in Development - Statehouse Faculty Champion,https://www.belmont.edu/academics/majors-programs/journalism/,,,,,,,,,XXX,has a course: MDS 2130 Advance Storytelling for New Media where students are required to conduct interviews and field work,,
220075,East Tennessee State University,Johnson City,TN,Tennessee,East Tennessee State University,Overlooked in Appalachia,https://www.overlookedinappalachia.org/,https://www.overlookedinappalachia.org/post/growth-of-gatlinburg-covid-s-impact-on-one-of-appalachia-s-largest-attractions,,,,,,"""Overlooked in Appalachia was born in Johnson City, Tennessee with a desire to cover the issues that face our community and region, specifically the Appalachian Highlands, The Blue Ridge Mountains and Greater Appalachia. We are students and community members going in-depth into the issues within our community. This can range from covering national issues and overlooked topics and applying it to the Appalachian region.The East Tennessee State University Department of Media and Communication supports this publication.""",,,,,
220598,Lane College,Jackson,TN,Tennessee,Lane College,Program in Development - Faculty Champion,https://www.lanecollege.edu/academics/associate-degrees/associate-degrees-1/mass-communication-media-strategies,,,,,,,,,XXX,Not much info on website - program still in development,,
221661,Southern Adventist University,Collegedale,TN,Tennessee,Southern Adventist University,The Southern Accent,https://southern-accent.org/,https://southern-accent.org/2024/04/16/apison-pike-expansion-continues-an-updated-look-at-the-multimillion-dollar-tdot-project/,,,,,yes,"""The Accent is proud to partner with the Center for Community News to enhance local news coverage.""",,,,,
220862,University of Memphis,Memphis,TN,Tennessee,University of Memphis,Institute for Public Service Reporting,https://www.psrmemphis.org/about/#whoweare,https://www.psrmemphis.org/trimming-trees-mlgws-ambitious-plan-to-curb-power-outages/,"""Morgan “Jake” Lankford is a journalism graduate student at the University of Memphis, where he earned a bachelor's degree in journalism. He has written for the UofM student newspaper, The Daily Helmsman, and hosts a show for The ROAR internet radio station here.""",,,,,"""The Institute for Public Service Reporting is a professionally staffed newsroom on the campus of the University of Memphis dedicated to civic-minded journalism. Our robust, independent investigative reporting and in-depth explanatory journalism aims to promote a vibrant democracy, foster inclusiveness, and enrich the lives of the people of Greater Memphis, including its many underserved communities. We do this while providing hands-on training to university students who will become our community’s next generation of journalists.""",,,,,
221759,The University of Tennessee-Knoxville,Knoxville,TN,Tennessee,The University of Tennessee-Knoxville,WUOT ,,https://www.wuot.org/news/2023-10-19/experts-say-rejecting-education-funds-would-risk-safeguards-for-tennessees-most-vulnerable-students,"""Melanie is WUOT’s interim news director and Professor of Practice in journalism at the University of Tennessee, where she has taught reporting, editing and media entrepreneurship since 2012. Before teaching, Melanie worked for Bloomberg News for 11 years in a variety of cities and roles, from managing the multimedia desk to producing television. In between her journalism jobs, Melanie worked as director of information services at Opera America, putting her M.A. in musicology, from Montreal’s McGill University, to good use.""","""This story was co-produced with students from the University of Tennessee's Department of Journalism and Media.""",,,,,,,,,
222178,Abilene Christian University,Abilene,TX,Texas,Abilene Christian University,Journalism and Mass Communications program,https://www.kacu.org/,https://www.kacu.org/local-news/2023-10-10/texas-adolescents-need-more-access-to-mental-healthcare,,,,,,,,XXX,,,
227845,Saint Edward's University,Austin,TX,Texas,St. Edward's University,Program in Development - Faculty Champion,,https://www.kut.org/texasstandard/2023-09-21/fantastic-fest-2023-austin-alamo-drafthouse-toxic-avenger,,,,,,,,XXX,,,
228246,Southern Methodist University,Dallas,TX,Texas,Southern Methodist University,Dallas Morning News Partnership,https://www.smu.edu/Meadows/NewsAndEvents/News/2019/DMNInternships,https://www.dallasnews.com/business/health-care/2019/12/01/this-campus-forms-the-cornerstone-for-collin-countys-medical-district-of-the-north/,,,,,,,,,,,
228529,Tarleton State University,Stephenville,TX,Texas,Tarleton State University,Texan News Service,http://www.texannews.net/,,,,,,,,,XXX,,,
228529,Tarleton State University,Stephenville,TX,Texas,Tarleton State University,Texas Center for Community Journalism,https://tccjtsu.com/,,,,,,,,,XXX,,,
228459,Texas State University,San Marcos,TX,Texas,University of Texas El Paso,Community Health News,https://texascommunityhealthnews.org/,https://texascommunityhealthnews.org/reports/2024/rural-mental-health-ers.html,"""Liza Kalinina is a graduate student at Texas State University and an intern with Texas Community Health News, a collaboration between the School of Journalism and Mass Communication and the university's Translational Health Research Center.""",,,,,,,,,,
228778,The University of Texas at Austin,Austin,TX,Texas,University of Texas Austin,Statehouse Reporting,https://moody.utexas.edu/,,,,,,https://thedailytexan.com/,,,XXX,,,
228796,The University of Texas at El Paso,El Paso,TX,Texas,UT El Paso,Borderzine,https://borderzine.com/,https://borderzine.com/2022/12/el-pasos-teacher-shortages-prove-difficult-to-remedy-two-years-after-pandemic-hit/,"""Hugo Arreola is a political science major at UT El Paso.""",,,,,,,,,,
225511,University of Houston,Houston,TX,Texas,University of Houston,Program in Development - Faculty Champion,https://uh.edu/class/communication/undergraduate/undergraduate-degrees/journalism/,,,,,,https://thedailycougar.com/,,,XXX,,,
227216,University of North Texas,Denton,TX,Texas,University of North Texas,Scripps Howard Foundation Emerging Journalists Program,https://journalism.unt.edu/experiences/scripps-howard.html,https://sanantonioreport.org/magik-theatre-the-lightning-thief-percy-jackson-musical/,"""Flora Farr is a Scripps Howard editorial intern at the San Antonio Report. She will be majoring in journalism at the University of Texas at Austin.""",,,,,,,,,,
230746,Salt Lake Community College,Salt Lake City,UT,Utah,Salt Lake Community College,Amplify Utah,https://www.sltrib.com/amplify-utah/,https://www.sltrib.com/amplify-utah/2023/03/24/gen-zers-leaving-latter-day-saint/,"""Nicole Spearman wrote this story as a journalism student at Salt Lake Community College. It is published as part of a collaborative including nonprofits Amplify Utah and The Salt Lake Tribune.""",,,,,,,,,,
230728,Utah State University,Logan,UT,Utah,Utah State University,Program in Development - Statehouse Faculty Champion,https://chass.usu.edu/journalism/,,,,,,https://usueasterneagle.com/,,,XXX,https://www.usu.edu/usns/,,
230834,Castleton University,Castleton,VT,Vermont,Castleton University,Community News Service,https://www.castleton.edu/news-media/article/castleton-journalism-students-partner-with-local-newspapers-and-uvm/,https://www.rutlandherald.com/opinion/perspective/sherwood-racism-is-alive-and-well/article_04d1bbd9-1376-53d0-b2cc-d69d35731280.html,"""Aris Sherwood is a journalism student at Castleton University. She grew up in Rutland.""",,,,,,,,"collabs with Rutland Herald, Mountain Times, and Lake Region Free Press.",,
230913,Northern Vermont University,Johnson,VT,Vermont,Northern Vermont University,News7 - The Vermont Center for Community Journalism,https://www.northernvermont.edu/academics/news7/,,,,,,https://www.news7newslinc.net/,,,XXX,,,
231174,University of Vermont,Burlington,VT,Vermont,University of Vermont,Capital News Service,https://www.communitynews.net/special-projects,https://vtdigger.org/2024/02/11/anglers-flock-to-lake-elmore-for-free-ice-fishing-day/,"""Leah Golding is a reporter with Community News Service, part of the University of Vermont’s Reporting & Documentary Storytelling program.""",,,,,,,,,,
231174,University of Vermont,Burlington,VT,Vermont,University of Vermont,Community News Service,,https://vtdigger.org/2023/04/17/legislators-young-and-old-talk-generational-politics-and-ageism/,"""Aubrey Weaver is a reporter with Community News Service, part of the University of Vermont’s Reporting & Documentary Storytelling program.""",,,,,,,,,,
212674,Gettysburg College,Gettysburg,PA,Virginia,Gettysburg College,,https://www.gettysburg.edu/academic-programs/interdisciplinary-studies/current-students/details.dot?id=b5acec18-03ba-4474-9c6f-729c67aca63c,,,,,,,,,XXX,"Not much info on program, doesn't seem to have strong connection to local news outlets",,
233374,University of Richmond,University of Richmond,VA,Virginia,University of Richmond,Capital News Service,https://urcapitalnews.wordpress.com/2013/01/06/capital-news-service-university-of-richmond-bureau/,https://urcapitalnews.wordpress.com/2018/01/23/local-health-advocate-announces-bid-to-unseat-republican-senator/,"""BY HUNTER MOYLER
STAFF WRITER
THE CAPITAL NEWS SERVICE""",,,,,,,,,,
234030,Virginia Commonwealth University,Richmond,VA,Virginia,Virignia Commonwealth University,Capital News Service,https://vcucns.com/,https://royalexaminer.com/virginias-medical-cannabis-program-has-improved-but-more-needed-to-meet-expectations/,,"""Capital News Service is a program of Virginia Commonwealth University's Robertson School of Media and Culture. Students in the program provide state government coverage for various media outlets in Virginia.""",,,,,,,https://www.pilotonline.com/2023/10/31/virginia-medical-marijuana-agency-plans-to-start-tracking-sales-data-next-year/ - student article with The Virginia Pilot,,
236948,University of Washington-Seattle Campus,Seattle,WA,Washington,University of Washington,Media Diversity Course,https://seattlemedium.com/,,,,,,,,,XXX,,,
236948,University of Washington-Seattle Campus,Seattle,WA,Washington,University of Washington,State Government Communication Program,https://com.uw.edu/undergraduate/journalism-public-interest-communication-major/state-government-communication-program/,,,,,,,,,XXX,"collabs with The Seattle Times, Crosscut, Northwest News Network, The News Tribune and The (UW) Daily",,
236939,Washington State University,Pullman,WA,Washington,Washington State University,Murrow News Service,https://murrow.wsu.edu/murrow-news-service/,https://www.spokesman.com/stories/2015/oct/20/cps-caseworker-missed-chances-to-intervene-before-/,"""The Murrow News Service provides local, regional and statewide stories reported and written by journalism students at the Edward R. Murrow College of Communication at Washington State University.""",,,,,,,"has collaborated with The Spokesman-Review, The Oregonian, The Seattle Times, MSNBC.com (now NBCnews.com), PBS.org, KOMO.com, The Moscow-Pullman Daily News, The Tri-City Herald, Vancouver Columbian, Crosscut.com and others",,,
131159,American University,Washington,DC,Washington D.C.,American University,Black on Campus,https://www.thenation.com/content/black-on-campus/,https://www.thenation.com/article/archive/need-include-black-womens-experience-movement-campus-sexual-assault/,"""Candace King is a 2018 Black on Campus fellow.""","""This story was produced in partnership with the Anna Julia Cooper Center of Wake Forest University as part of Black on Campus, a series reporting on issues of national consequence to a black college student audience. It is under the umbrella of Student Nation, a section devoted to highlighting campus activism and student movements from students in their own words. For more Student Nation, check out our archive. The Student Nation program is made possible through generous funding from The Puffin Foundation.""",,,,,,,,,
131520,Howard University,Washington,DC,Washington D.C.,Howard University,Howard University News Service,https://hunewsservice.com/,,,"""By Sabrina McCrear
Howard University News Service""",,,,,,,,,
238032,West Virginia University,Morgantown,WV,West Virginia,West Virginia University,Daily Athenaeum,https://www.thedaonline.com/,https://www.thedaonline.com/news/wvucuts/admin-say-programs-could-face-more-cuts-after-appeal/article_fd87749c-42c3-11ee-93fc-eb391bf4d445.html,,,,,,,,XXX,,,
165015,Brandeis University,Waltham,MA,Massachusetts,Brandeis University,,https://guides.library.brandeis.edu/Journalism21stCentury,https://brookline.news/in-its-25th-year-artbarn-continues-to-cultivate-kids-creativity-through-theater/,"""This story was produced in collaboration with the Reinventing Journalism course at Brandeis University, taught by Professor Neil Swidey, with mentoring for student journalists by Brookline.News steering committee co-chair Ellen Clegg and editor Sam Mintz.""",,,,,,,,,,
239105,Marquette University,Milwaukee,WI,Wisconsin,Marquette University,Milwaukee Neighborhood News Service,https://milwaukeenns.org/about-us/,,,"""This story is part of a collaboration between Wisconsin Watch, Milwaukee Neighborhood News Service and The Appeal. """,,,,,,,,,
240444,University of Wisconsin-Madison,Madison,WI,Wisconsin,"University of Wisconsin, Madison",Wisconsin Watch,https://wisconsinwatch.org/about/,https://wisconsinwatch.org/2022/07/wisconsin-watchs-beyond-hunger-series-examines-food-insecurity-in-americas-dairyland/,"""The UW-Madison journalism students who collaborated on this project include: Lauryn Azu, Maddie Bergstrom, Rachel Clark, Erin Gretzinger, Charlie Hildebrand, Maiah O’Rourke, Joey Prestley, Lydia Slattery, Joe States, Riley Sumner and Sam Watson."" ""Erin Gretzinger joined Wisconsin Watch as a reporting intern in May 2022. She is a journalism and French major at UW-Madison and will graduate in spring 2023. Erin previously worked for the Wisconsin State Journal as a reporting intern and served as the 2021-22 editor-in-chief at The Badger Herald. She is a recipient of the Jon Wolman Scholarship, the Sigrid Schultz Scholarship and the Joseph Sicherman Award Fund for her academic and reporting work.""",,,,https://badgerherald.com/,,,,,,
240727,University of Wyoming,Laramie,WY,Wyoming,University of Wyoming,Science Journalism,http://www.uwyo.edu/cojo/,https://www.wyomingpublicmedia.org/education/2017-01-11/learning-through-imitation,"""Growing up in Laramie, Wyoming, Brooklynn has a large love for the outdoors and adventure of any kind. Recently back from a semester abroad in Italy, she returns to Laramie this fall to finish her senior year as a Journalism student at the University of Wyoming. In addition to travel, Brooklynn holds a deep love for reading, writing, and freshly brewed coffee.""",,,,https://www.uwbrandingiron.com/,N/A,,,"Works with Wyoming Public Media, UWTV",,
133951,Florida International University,Miami,FL,Florida ,Florida International University,South Florida Media Network ,,https://caplinnews.fiu.edu/public-versus-private-schools-advice-for-miami-dade-county-parents/,"""Gabriela is a Senior at Florida International University obtaining a Bachelor's Degree in Science in Digital Communications and Interactive Media. She’s interested in pursuing a career in communications and marketing."" ""Victoria Romero is a Senior at Florida International University majoring in Digital Communications with a track in Digital and Interactive Media. In addition to her bachelor's degree, she is pursuing a minor in Social Media Marketing and E-Analytics. Apart from studying at the university, she is exploring design principles and user research strategies. Her goal is to be in the tech industry as a Senior UX/UI designer where her creativity is limitless while providing a positive user experience.""",,,,,,,,,,
133951,Florida International University,Miami,FL,Florida,Florida International University,Lee Caplin School of Journalism and Media,https://carta.fiu.edu/journalism/,,,,,,https://caplinnews.fiu.edu/,"""Alexandra Howard is a senior pursuing a dual degree in digital journalism and political science. She intends to later graduate from law school and become an immigration lawyer and political journalist.""",,XXX,"Partnered with NBC Universal, Univision, The Miami Herald, The Miami Times and the E.W. Scripps Company",,
193900,New York University,New York City,NY,New York,NYU,Arthur L. Carter Journalism Institute,https://journalism.nyu.edu/,,,,,,https://coopersquared.com/,,,XXX,"Has multiple student news websites (pavement pieces, coopersqaured, etc.), also has mentorship program for graduates in the program. Many students work with national news outlets (NYT, CNN)",,